Section,Description,Estimated Duration
1. Introduction,Overview of Domain-Driven Development in Golang,1 hour
2. Setting Up the Environment,Installing Golang, setting up IDE, and required tools,1 hour
3. Understanding DDD Concepts,Key concepts of DDD: Entities, Aggregates, Repositories, etc.,2 hours
4. DDD vs BDD vs TDD,Comparing DDD, BDD, and TDD; how they complement each other,1.5 hours
5. E-Commerce Domain Design,Designing the domain for an e-commerce system: Products, Orders, Customers, Payments, etc.,4 hours
6. Domain Modeling in Golang,Using structs and other types to model domain entities and aggregates,3 hours
7. Designing the Domain,Defining the domain model, entities, value objects, and aggregates,3 hours
8. Implementing DDD in Golang,Creating domain models and services in Golang,4 hours
9. Setting Up Testing Framework,Choosing and setting up Ginkgo and other testing tools,2 hours
10. Writing Unit Tests with Ginkgo,Writing unit tests using Ginkgo for domain models and services,3 hours
11. Writing Integration Tests with Ginkgo,Writing integration tests using Ginkgo for microservice interactions,3 hours
12. Using Mocking Libraries,Implementing mocks for testing with Golang,2 hours
13. Continuous Integration,Setting up CI/CD pipelines for automated testing and deployment,2 hours
14. Performance Testing,Conducting performance testing for Golang microservices,2 hours
15. Reviewing and Refining,Reviewing the DDD implementation and test results, refining code,2 hours
16. Documentation,Documenting the domain model, testing strategies, and results,2 hours